{
    "name": "2",
    "artist": "Unknown",
    "cover": "albumcover.png",
    "tracks": [
        {
            "title": "0",
            "filename": "0.mp3"
        },
        {
            "title": "1",
            "filename": "1.mp3"
        },
        {
            "title": "2",
            "filename": "2.mp3"
        },
        {
            "title": "3",
            "filename": "3.mp3"
        },
        {
            "title": "4",
            "filename": "4.mp3"
        }
    ]
}